[
  {
    "u_spine": "pelvis"
  },
  {
    "u_spine.001": "spine_01"
  },
  {
    "u_spine.002": "spine_02"
  },
  {
    "u_spine.003": "spine_03"
  },
  {
    "u_spine.004": "neck_01"
  },
  {
    "u_spine.006": "head"
  },
  {
    "u_shoulder.L": "clavicle_l"
  },
  {
    "u_upper_arm.L": "upperarm_l"
  },
  {
    "u_forearm.L": "lowerarm_l"
  },
  {
    "u_hand.L": "hand_l"
  },
  {
    "u_f_index.01.L": "index_01_l"
  },
  {
    "u_f_index.02.L": "index_02_l"
  },
  {
    "u_f_index.03.L": "index_03_l"
  },
  {
    "u_thumb.01.L": "thumb_01_l"
  },
  {
    "u_thumb.02.L": "thumb_02_l"
  },
  {
    "u_thumb.03.L": "thumb_03_l"
  },
  {
    "u_f_middle.01.L": "middle_01_l"
  },
  {
    "u_f_middle.02.L": "middle_02_l"
  },
  {
    "u_f_middle.03.L": "middle_03_l"
  },
  {
    "u_f_ring.01.L": "ring_01_l"
  },
  {
    "u_f_ring.02.L": "ring_02_l"
  },
  {
    "u_f_ring.03.L": "ring_03_l"
  },
  {
    "u_f_pinky.01.L": "pinky_01_l"
  },
  {
    "u_f_pinky.02.L": "pinky_02_l"
  },
  {
    "u_f_pinky.03.L": "pinky_03_l"
  },
  {
    "u_twist_01.forearm.L": "lowerarm_twist_01_l"
  },
  {
    "u_twist_01.upper_arm.L": "upperarm_twist_01_l"
  },
  {
    "u_shoulder.R": "clavicle_r"
  },
  {
    "u_upper_arm.R": "upperarm_r"
  },
  {
    "u_forearm.R": "lowerarm_r"
  },
  {
    "u_hand.R": "hand_r"
  },
  {
    "u_f_index.01.R": "index_01_r"
  },
  {
    "u_f_index.02.R": "index_02_r"
  },
  {
    "u_f_index.03.R": "index_03_r"
  },
  {
    "u_thumb.01.R": "thumb_01_r"
  },
  {
    "u_thumb.02.R": "thumb_02_r"
  },
  {
    "u_thumb.03.R": "thumb_03_r"
  },
  {
    "u_f_middle.01.R": "middle_01_r"
  },
  {
    "u_f_middle.02.R": "middle_02_r"
  },
  {
    "u_f_middle.03.R": "middle_03_r"
  },
  {
    "u_f_ring.01.R": "ring_01_r"
  },
  {
    "u_f_ring.02.R": "ring_02_r"
  },
  {
    "u_f_ring.03.R": "ring_03_r"
  },
  {
    "u_f_pinky.01.R": "pinky_01_r"
  },
  {
    "u_f_pinky.02.R": "pinky_02_r"
  },
  {
    "u_f_pinky.03.R": "pinky_03_r"
  },
  {
    "u_twist_01.forearm.R": "lowerarm_twist_01_r"
  },
  {
    "u_twist_01.upper_arm.R": "upperarm_twist_01_r"
  },
  {
    "u_thigh.L": "thigh_l"
  },
  {
    "u_shin.L": "calf_l"
  },
  {
    "u_foot.L": "foot_l"
  },
  {
    "u_toe.L": "ball_l"
  },
  {
    "u_twist_01.shin.L": "calf_twist_01_l"
  },
  {
    "u_twist_01.thigh.L": "thigh_twist_01_l"
  },
  {
    "u_thigh.R": "thigh_r"
  },
  {
    "u_shin.R": "calf_r"
  },
  {
    "u_foot.R": "foot_r"
  },
  {
    "u_toe.R": "ball_r"
  },
  {
    "u_twist_01.shin.R": "calf_twist_01_r"
  },
  {
    "u_twist_01.thigh.R": "thigh_twist_01_r"
  },
  {
    "ik_foot_root": "ik_foot_root"
  },
  {
    "ik_foot_l": "ik_foot_l"
  },
  {
    "ik_foot_r": "ik_foot_r"
  },
  {
    "ik_hand_root": "ik_hand_root"
  },
  {
    "ik_hand_gun": "ik_hand_gun"
  },
  {
    "ik_hand_l": "ik_hand_l"
  },
  {
    "ik_hand_r": "ik_hand_r"
  }
]